protein_name,sequence,precursor_mz,precursor_intensity,condition,transition_mz
ABCB6,YYNAESYEVER[Harg],716.8163684000001,30.384172,2.5456418e7,NONE,1106.5007,792.37683,921.4203,992.45526,705.3451
ABCB6,ALNVLVPIFYR[Harg],657.8940184,59.736362,7.30618752e8,NONE,705.3982,917.5524,804.46844,299.17047,1016.6231
ABHD4,YVSLPNQNK[Hlys],535.7896534,23.459782,1.97548448e8,NONE,608.32574,808.4416,350.17255,511.27246,721.40955
ADD2,VNVADEVQR[Harg],520.2739384,23.382187,5.6798904e7,NONE,727.36176,727.36176,826.4298,656.32574,541.2982
ADD2,GNNSSNIWALR[Harg],621.3166734,40.007675,1.20868544e8,NONE,555.3301,869.4895,956.5205,782.4577,369.2505
ADD2,VNILGEVVEK[Hlys],554.3285984,44.676884,1.11362968e8,NONE,668.3711,781.4547,383.23917,894.53705,327.2034
AKR1B1,VAIDVGYR[Harg],451.75210839999994,32.613926,3.2631626e7,NONE,504.2822,619.30884,732.393,803.42975,405.21396
AKR1B1,LLLNNGAK[Hlys],425.7654434,23.639093,5.88312576e8,NONE,624.3569,511.27374,397.23062,737.4407,283.18723
AKR1B10,VAIDAGYR[Harg],437.7364584,23.437923,4.2001104e7,GAPDH,476.24942,591.2754,704.35736,775.3944,405.21216
AKR1B10,TAAQVLIR[Harg],441.2757534,27.151125,2.61957136e8,NONE,709.46185,510.36652,638.4255,411.29822,780.49805
AKR1B10,IVENIQVFDFK[Hlys],680.3735384,55.248657,1.23196112e8,NONE,564.2943,1147.591,663.36285,791.4207,417.22485
AKR1C2,TPALIALR[Harg],432.78066839999997,39.73621,3.56067488e8,NONE,666.45624,595.41876,482.3355,185.12822,763.5079
AKR1C3,AIDGLDR[Harg],385.20753339999993,22.7816,5.8257408e7,NONE,470.26175,470.26175,585.2877,585.2877,300.15564
AKR1C1|AKR1C2|AKR1C3,LAIEAGFR[Harg],443.7546484,37.40745,1.82570656e8,NONE,589.2984,460.25543,702.38165,702.38165,773.4181
AKR1D1,TAAQIVLR[Harg],441.2757534,28.260324,1.1212272e8,NONE,709.46014,510.3654,638.4234,397.28122,780.49554
AKR1D1,VAIDTGYR[Harg],452.74174339999996,23.752756,2.4816992e7,GAPDH,506.25995,621.28595,734.3687,805.40393,405.21213
AKR1D1,SLGVSNFNR[Harg],502.26337839999997,29.38111,1.722152e8,NONE,803.4067,647.31757,258.1461,746.385,560.2856
ALDH3A1,IQQLEALQR[Harg],554.8210584000001,31.835104,5.56106944e8,NONE,867.49365,739.43713,626.3525,497.31,242.15067
ALDH3A1,SLEEAIQFINQR[Harg],729.3847484000001,55.85365,6.9527696e7,NONE,815.44104,928.5234,687.3834,999.562,1128.6005
ALDH3A1,LPEWAADEPVEK[Hlys],696.3502534,40.497417,1.05897448e8,NONE,480.29437,1052.5172,866.4388,795.4019,609.33704
ALDH3A2,NVDEAINFINER[Harg],722.3587284,48.79484,5.7849544e7,NONE,1230.5952,802.4085,986.52826,915.492,1115.5696
ALDH3A2,LQQLEALR[Harg],490.7917684,32.563637,1.84011104e8,NONE,739.43256,611.37555,498.29144,369.249,242.1501
ALDH3A2,ILSLLEGQK[Hlys],504.81258840000004,41.512913,1.28075824e8,NONE,782.44745,340.20755,582.3342,469.2497,895.52893
BACH1,EAALSQEQIQILAK[Hlys],775.4373984,45.025497,2.2773724e7,NONE,272.12534,950.58185,339.24762,580.39514,452.3348
BAG2,FLDDLGNAK[Hlys],500.76309339999995,36.23041,1.69819616e8,NONE,740.3648,510.31262,397.22812,853.44696,625.339
BAG2,IIDEVVNK[Hlys],469.27583839999994,24.710978,8.5472056e7,NONE,711.3759,368.2391,824.45764,467.30783,596.35046
BAG2,LLESLDQLELR[Harg],669.8787633999999,55.802814,9.973392e7,NONE,1112.5854,983.54504,783.4288,668.3995,896.51135
BLVRB,LQAVTDDHIR[Harg],393.21148773333334,19.981617,3.311847e7,NONE,766.3673,435.27008,550.29645,665.322,865.4353
BLVRB,TVAGQDAVIVLLGTR[Harg],508.29906773333323,58.067696,4.486622e7,NONE,569.3647,668.4317,456.28094,343.19702,781.5143
CABYR,LVVPYGLK[Hlys],448.78838340000004,41.363712,2.451508e8,NONE,585.3491,684.4175,325.23386,488.29684,783.48376
CABYR,LAQLEENAK[Hlys],512.2816534,21.284695,1.4523744e8,NONE,711.3797,598.2955,910.4742,469.2522,340.2088
CBR1,GIGLAIVR[Harg],404.7675583999999,39.990147,1.47267104e8,NONE,638.42474,468.31976,171.11339,228.13551,397.282
CBR1,LFSGDVVLTAR[Harg],594.3365334,45.16335,4.3811608e7,NONE,927.5137,668.435,840.48193,569.3665,1074.5781
CBR3,VALVTGANR[Harg],455.77083339999996,22.897102,8.8130912e7,NONE,528.2766,627.344,740.4269,427.22916,811.46454
CBR3,VVNISSLQC[Carb]LR[Harg],649.8598604,45.113014,1.18771072e8,NONE,873.44855,1100.5732,313.18826,786.41846,986.53284
CBR3,TNFFATR[Harg],433.7233584,31.850632,7.2183112e7,NONE,357.2125,651.3481,504.28085,765.3896,363.1691
CCL5,EYFYTSGK[Hlys],501.7365534,27.319166,3.3540796e7,NONE,400.2282,299.18076,563.29083,710.3565,873.4075
CCL5,QVC[Carb]AMPEK[Hlys],485.7324354,19.56085,3.4261572e7,NONE,381.2238,743.3322,512.26514,583.3034,842.40485
CCL5,C[Carb]SNPAVVFVTR[Harg],630.3256504,39.51202,3.024859e7,NONE,898.538,631.3792,730.44794,1012.58215,801.4861
CCND1,AYPDANLLNDR[Harg],636.3163334,38.70443,8.5454728e7,NONE,1037.5269,825.4478,940.4735,527.28394,754.41125
CCND1,AC[Carb]QEQIEALLESSLR[Harg],586.2972924,59.718178,1.7006498e7,NONE,601.3232,714.40826,472.28046,898.52844,617.23535
CCND1,AEETC[Carb]APSVSYFK[Hlys],748.8444904000002,37.094875,1.628704e8,NONE,835.44653,906.4834,552.29315,1066.5116,465.2611
CD273,TPEGLYQVTSVLR[Harg],736.9027734,53.345863,6.9193976e7,NONE,975.55334,812.49036,684.4324,585.3637,1088.6372
CD274,LFNVTSTLR[Harg],530.8048784000001,42.53985,1.48914336e8,NONE,800.45105,587.34125,686.4084,947.51733,486.29297
CD274,LQDAGVYR[Harg],466.24719339999996,21.792576,4.0083908e7,NONE,690.3418,575.31647,504.2802,818.39886,447.258
CD279,LAAFPEDR[Harg],464.7417384,29.345455,3.7760168e7,NONE,526.2495,744.35254,744.35254,815.38837,673.3166
CD279,VTQLPNGR[Harg],447.7551884,19.493122,7.270712e7,NONE,453.24667,566.33044,694.3878,795.4349,356.1936
CD279,DFHMSVVR[Harg],500.74904839999994,31.258677,1.6171626e7,NONE,601.3377,470.29562,369.7011,400.16064,383.26337
CD4,SWITFDLK[Hlys],509.27838339999994,56.88105,1.57616736e8,NONE,744.4367,631.3552,383.2385,530.3075,387.20102
CD4,LTGSGELWWQAER[Harg],771.8823684000001,50.324226,4.5547468e7,NONE,885.42633,1328.63,699.34644,998.5118,1184.5763
CD8A,AAEGLDTQR[Harg],485.74501339999995,18.311007,5.9635964e7,NONE,699.367,414.23538,828.40906,529.2631,642.34656
CD8A,TWNLGETVELK[Hlys],649.3475233999999,50.694244,6.2978436e7,NONE,783.4359,1010.56146,896.5207,402.1797,597.3685
CDKN2A,LPVDLAEELGHR[Harg],453.58157439999997,44.468678,1.00672008e8,NONE,379.2084,492.29233,821.411,750.376,621.3337
CDKN2A,ALLEAGALPNAPNSYGR[Harg],862.4536834,45.60678,2.80500576e8,NONE,985.47363,703.3422,1426.6926,298.2133,626.353
CES1,EGYLQIGANTQAAQK[Hlys],800.4144584,34.93911,5.033376e7,NONE,896.468,350.13535,425.25986,354.22256,768.41125
CES1,AGQLLSELFTNR[Harg],679.8687334000001,57.09869,1.39724672e8,NONE,876.4433,989.52795,257.1246,1102.6088,660.37054
CTLA4,AMDTGLYIC[Carb]K[Hlys],590.2850304,37.203403,8.7473336e7,NONE,977.4844,428.2436,591.3068,761.4108,862.45776
CTLA4,AQLNLATR[Harg],448.7630134,24.535875,4.8047948e7,NONE,697.42395,584.341,357.21368,470.29785,313.19006
CUL3,YVNSIWDLLK[Hlys],629.8497034000001,59.71482,1.09722768e8,NONE,996.5745,682.4077,496.3277,882.5182,381.2998
CUL3,INEEIER[Harg],456.7366584,20.364376,7.429516e7,NONE,799.3839,685.34155,427.25604,556.2989,486.22424
CUL3,FLLESFNNDR[Harg],632.8134284,48.51057,1.34468816e8,NONE,1004.4708,762.34485,891.3868,675.31213,528.24365
CYP4F11,VLAWTYTFYDNC[Carb]R[Harg],859.8971703999999,57.38736,9.426199e6,NONE,1249.5236,1148.481,985.4131,459.20535,884.3648
CYP4F11,TLTQLVTTYPQGFK[Hlys],802.9423234,52.463673,5.5845744e7,NONE,584.33044,949.4872,1048.5537,747.3931,848.4386
CYP4F11,FDQENIK[Hlys],451.22889339999995,20.98586,1.3223356e8,NONE,754.38074,382.25507,639.35425,511.29736,520.2022
DHFR,EPPQGAHFLSR[Harg],416.88348106666666,24.924656,5.2332004e7,NONE,532.3141,797.4307,385.24338,335.19058,925.48834
DHFR,NGDLPWPPLR[Harg],587.8157684000001,52.58373,7.563576e7,NONE,775.4487,492.31836,287.09927,678.3973,888.53143
DHFR,LLPEYPGVLSDVQEEK[Hlys],912.4794534000001,53.814404,4.1520644e7,NONE,955.4833,842.4029,640.34656,541.2738,1054.5277
DNAJB4,DGSNIIYTAK[Hlys],545.2869384,29.254217,2.6014862e7,NONE,603.36273,490.2788,327.2131,716.44965,830.4912
DNAJB4,EIYDQFGEEGLK[Hlys],718.3451733999999,43.68538,2.61199264e8,NONE,640.34235,787.4098,1030.4932,325.23407,454.27704
DNAJB4,EVAEAYEVLSDPK[Hlys],729.3661034,41.294018,1.1808188e7,NONE,958.50433,1029.536,1229.6154,795.4427,666.3959
E6,DLC[Carb]IVYR[Harg],474.74597539999996,39.286697,7.2694144e7,NONE,720.3732,560.344,447.25986,389.1503,833.4703
E6,EVYDFAFR[Harg],528.7548484,47.886124,1.3060507e7,NONE,550.3014,828.38806,665.32806,403.23364,927.4472
E6,TAMFQDPQER[Harg],616.7838184,28.295559,2.3347628e7,NONE,539.2837,929.4348,782.36743,1060.4733,654.3095
E7,AHYNIVTFC[Carb]C[Carb]K[Hlys],474.2245670666666,33.781345,2.4615364e7,NONE,486.21057,475.18918,723.30365,599.2938,372.16733
E7,LC[Carb]VQSTHVDIR[Harg],446.5671690666666,27.849922,4.5063512e7,NONE,837.4425,965.5003,649.364,750.4102,512.3074
EGFR,DSLSINATNIK[Hlys],592.3240534,36.1957,3.8612192e7,NONE,868.5052,668.3869,781.4721,483.30533,554.343
EGFR,IPLENLQIIR[Harg],609.8758284,53.017776,2.1980296e8,NONE,895.5238,1008.6082,766.4827,553.33594,539.3522
EGFR,YLVIQGDER[Harg],551.7919634000001,31.5424,1.3808048e8,NONE,826.43207,727.3633,614.2795,486.22083,939.51654
EPHX1,FSTWTNTEFR[Harg],649.8056084000001,42.06648,7.1515304e7,NONE,777.37537,963.454,1064.499,676.3289,1151.5316
EPHX1,DVELLYPVK[Hlys],542.3124184000001,49.836876,1.15400872e8,NONE,351.2489,514.3121,869.5196,344.1464,740.4787
FECH,AESLNGNPLFSK[Hlys],642.8373234000002,38.97985,1.147975168e9,NONE,599.3656,884.4712,389.22894,770.43,288.12003
FECH,LEYC[Carb]NPYR[Harg],562.7570754000001,29.077768,4.6037652e7,NONE,882.3799,719.318,1011.4215,445.2447,559.2887
FOXP3,WAILEAPEK[Hlys],532.7969334000001,44.242386,5.5505656e7,NONE,381.22467,452.26227,694.389,807.4731,878.50946
FOXP3,TLNEIYHWFTR[Harg],497.2535777333333,55.951454,1.67887584e8,NONE,619.325,919.4465,756.3836,433.24524,1032.5293
FOXP3,GAVWTVDELEFR[Harg],716.3607334000001,57.90859,1.76895888e8,NONE,1018.5098,917.4634,818.3937,1204.5858,703.3682
G6PD,IFGPIWNR[Harg],506.78374339999993,49.391514,2.36328544e8,NONE,752.41113,899.4785,485.25208,695.38947,598.3368
G6PD,LEDFFAR[Harg],454.23100839999995,41.923492,1.29887312e8,NONE,665.332,550.3039,794.37366,403.23514,358.163
GAPDH,VGVNGFGR[Harg],408.2235184,23.579136,8.4738864e7,GAPDH,716.369,560.2814,446.2394,659.3485,389.2177
GAPDH,GALQNIIPASTGAAK[Hlys],710.4058984,41.109962,1.14468976e8,NONE,710.3966,710.3966,823.4808,242.15059,1050.6061
GAPDH,VIPELNGKLTGMAFR[Harg],552.6440710666667,50.59797,8.5228816e7,NONE,692.34595,805.4296,591.299,990.5466,722.38995
GAPDH,VKVGVNGFGR[Harg],348.20589440000003,25.500017,2.4567834e7,NONE,446.2417,716.37646,560.28516,389.21918,815.4466
GAPDH,AVGKVIPELNGK[Hlys],616.8762434000001,28.938969,9.596685e6,NONE,665.37305,778.459,455.29984,877.52026,1062.6418
GAPDH,VIPELNGK[Hlys],439.2652734,27.601097,4.3679724e7,NONE,665.3692,439.27628,568.3174,326.19177,666.3712
GAPDH,LISWYDNEFGYSNR[Harg],887.4089534,55.60733,1.22263392e8,NONE,996.44464,1547.6448,1111.4694,753.3593,606.29004
GCLC,VVINVPIFK[Hlys],518.8358634,54.325924,1.39734832e8,NONE,512.33466,838.5302,725.4459,611.40393,937.59717
GCLC,DPLTLFEEK[Hlys],550.2916834000001,53.81005,5.2387836e7,NONE,774.413,560.282,887.4963,673.3659,413.2136
GCLC,VLETLQEK[Hlys],484.2811234,24.364967,6.0154268e7,NONE,755.4052,626.3625,868.48816,525.31476,412.23074
GCLM,TLNEWSSQINPDLVR[Harg],891.4564334,52.24055,1.16559224e8,NONE,1051.5813,609.3622,723.405,397.28012,836.4902
GCLM,LFIVESNSSSSTR[Harg],718.8663934,35.14361,2.7185298e7,NONE,964.4239,835.3803,1176.5726,374.24634,748.3466
GPX4,EFAAGYNVK[Hlys],503.7578133999999,27.664438,2.7268366e7,NONE,588.32446,659.36163,730.39886,368.23953,531.2941
GPX4,ILAFPC[Carb]NQFGK[Hlys],651.8413554,47.51104,3.6847456e7,NONE,858.39954,298.213,1076.5015,1005.46655,761.348
GPX4,TEVNYTQLVDLHAR[Harg],556.9574877333333,43.3235,6.7303784e7,NONE,621.3355,720.4038,506.30826,833.48846,1062.5911
GSR,LGGTC[Carb]VNVGC[Carb]VPK[Hlys],684.8463124000001,32.890827,7.9863048e7,NONE,781.4136,568.3019,880.48,1040.5101,667.3654
GSR,LNAIYQNNLTK[Hlys],650.3609734,33.232197,1.00005456e8,NONE,888.46655,299.17236,299.17236,1072.5844,1001.5499
GSR,ALLTPVAIAAGR[Harg],581.8627134000001,48.21738,2.28757408e8,NONE,764.46405,568.3456,865.511,978.5947,978.5947
GSTA4,YFPVFEK[Hlys],469.2490934,42.80261,7.35219136e8,NONE,431.23993,627.36127,530.3095,774.42773,392.20236
GSTA4,SILHYIADK[Hlys],534.3023884,33.907883,4.6433216e7,NONE,617.3405,754.40045,867.4829,341.1925,454.2776
GSTM1,PMILGYWDIR[Harg],637.3354834,59.711945,2.456752e8,NONE,932.4903,1045.5729,819.40686,1176.6156,342.18597
GSTM1,RPWFAGNK[Hlys],492.2686834,20.05535,1.1075528e8,NONE,715.37067,829.4128,658.34937,587.3118,440.24237
GSTM3,FSWFAGEK[Hlys],490.2417984,45.541958,4.3119604e7,NONE,559.29755,412.2299,341.19235,832.4077,745.3757
GSTM3,YTC[Carb]GEAPDYDR[Harg],678.7736454,22.58732,4.0332968e7,NONE,675.2984,932.39716,1092.4274,746.33624,463.2183
GSTM4,SMTLGYWDIR[Harg],626.3069284,55.413242,1.28707896e8,NONE,819.4035,1033.533,932.4851,320.12875,762.3824
GSTM4,VAVWGNK[Hlys],391.2259534,22.228851,5.5176004e7,NONE,512.27,326.19147,682.37274,611.33716,513.27234
GSTM4,VC[Carb]YSPDFEK[Hlys],576.7597004,31.44034,5.5642444e7,NONE,643.32104,893.41626,730.35364,431.23956,1053.4462
GSTM1|GSTM2|GSTM3,C[Carb]LDAFPNLK[Hlys],543.2806004,43.176384,3.4968624e7,NONE,479.30655,812.437,389.14905,626.37555,697.41187
HMOX1,TEPELLVAHAYTR[Harg],503.9360210666666,37.245396,7.3860256e7,NONE,728.37427,827.44183,657.3382,520.2787,940.5263
HMOX1,YLGDLSGGQVLK[Hlys],629.3500634000001,42.05429,6.9734904e7,NONE,981.5478,696.41144,809.49347,609.383,924.5255
HMOX1,AALEQDLAFWYGPR[Harg],823.9136634,59.73987,1.45947232e8,NONE,906.4491,1019.5442,835.4189,688.35187,1262.6156
HTATIP2,SSNFLYLQVK[Hlys],603.8340584000001,47.790905,1.10851456e8,NONE,658.4051,771.48914,495.34082,918.5578,382.25656
HTATIP2,NVNQEVVDFEK[Hlys],664.8322383999999,35.969013,7.4445208e7,NONE,645.3349,546.26685,1115.5406,744.4031,431.23947
HTATIP2,AGAEGFVR[Harg],408.7155234,22.563326,9.2339856e7,NONE,488.28693,617.3292,745.3874,688.3665,431.2654
IDH1,ATDFVVPGPGK[Hlys],548.2998384000001,35.06529,7.3515064e7,NONE,463.27737,562.3457,309.20267,366.22437,288.12048
IDH1,SEGGFIWAC[Carb]K[Hlys],581.7756803999999,42.683094,5.5000752e7,NONE,572.27655,386.1963,946.4694,685.3603,889.4475
IDH1,GLPNVQR[Harg],397.2313484,22.14093,1.0411544e8,NONE,526.2972,623.3482,412.25436,481.2775,268.16586
KEAP1,VVLASSSPVFK[Hlys],571.3389684,38.111973,6.9254336e7,NONE,943.534,830.451,759.4144,498.31833,672.38226
KEAP1,LADLQVPR[Harg],461.2732084,34.04882,3.33863808e8,NONE,737.41833,737.41833,622.3929,808.4547,509.30856
KEAP1,IGVGVAVLNR[Harg],504.3154033999999,39.740562,1.81073072e8,NONE,738.45056,582.3621,894.5391,511.32516,681.4297
LDHA,FIIPNVVK[Hlys],469.30165839999995,48.349564,2.69599872e8,NONE,564.3599,677.44305,353.2644,467.3077,790.52545
LDHA,DQLIYNLLK[Hlys],564.3311484000001,57.617702,1.10737168e8,NONE,658.40497,771.489,884.5731,357.1787,495.34055
MAFG,VAATSVITIVK[Hlys],555.3546184,40.982418,5.3163292e7,NONE,939.5969,767.50977,468.3286,868.56036,581.4119
MAFG,GPLAAGLGPLVPGK[Hlys],627.8866033999999,50.319866,2.71468128e8,NONE,309.20245,268.16647,580.36743,845.5319,339.21387
MAFG,AELQQEVEK[Hlys],541.2843934000001,21.13716,9.0042976e7,NONE,881.4794,640.3408,768.3976,512.2826,383.2394
MAP1B,AIGNIELGIR[Harg],533.3181434000002,44.15349,1.96633024e8,NONE,881.5068,881.5068,597.3602,468.3184,710.4445
MAP1B,SVGNTIDPVILFQK[Hlys],769.9370334000001,57.43443,8.4441896e7,NONE,852.5439,967.57104,543.3411,430.25644,656.4247
MAP2,GGQVQIVTK[Hlys],469.28145839999996,21.147392,1.6344912e8,NONE,355.24475,695.45404,243.10948,596.38666,468.32867
MAP2,DQGGAGEGLVR[Harg],534.7690134000001,23.280836,4.1685276e7,NONE,825.44745,640.36786,768.4254,454.30386,711.4058
ME1,TATVYPEPQNK[Hlys],628.3240534,22.232065,4.5294116e7,NONE,494.28165,720.37683,883.43805,274.13986,1083.5554
ME1,DLAFTLEER[Harg],552.2839684,48.419804,2.9843848e7,NONE,875.4485,804.4138,657.3453,556.2983,300.1558
ME1,AIVVTDGER[Harg],485.2655784,22.757904,2.5418754e7,NONE,785.4017,785.4017,371.19223,686.3341,587.26636
MGST1,IYHTIAYLTPLPQPNR[Harg],636.3519477333334,47.01836,4.9255716e7,NONE,621.3361,831.47284,396.22345,699.3847,862.4463
MGST1,VFANPEDC[Carb]VAFGK[Hlys],731.3497354,42.330505,8.0068416e7,NONE,1030.4679,430.25406,359.21793,804.37683,1215.5449
MYC,LISEEDLLR[Harg],549.3074434000001,44.00754,2.97426208e8,NONE,871.4413,411.2976,655.36725,984.5249,784.4102
MYC,DQIPELENNEK[Hlys],668.8271534000002,31.534494,6.38568e7,NONE,980.47797,754.38446,512.2582,883.42584,641.30084
MYC,PLNVSFTNR[Harg],529.2868534,34.95911,3.44012224e8,NONE,847.43134,634.3207,960.5152,325.18875,733.3896
NAMPT,AVPEGFVIPR[Harg],547.8152334000001,44.51301,5.9468604e7,NONE,698.42474,827.4655,924.51733,199.10771,494.3349
NAMPT,YDGHLPIEIK[Hlys],596.8262234,37.714355,1.0702084e7,NONE,607.39294,586.26685,473.17883,720.4799,925.4526
NDUFAF3,IEIVVVGTGDR[Harg],584.3339884000001,40.866165,4.8139996e7,NONE,713.3844,812.4535,614.31647,925.5365,515.24774
NDUFAF3,LQSQVLQAMR[Harg],592.3281984,35.13116,2.3007882e7,NONE,942.5074,628.3479,727.4173,855.4729,515.2641
NDUFAF3,LSPADDELYQR[Harg],658.8214484000001,32.985188,7.3330456e7,NONE,1019.4661,948.42834,558.76556,833.40265,718.37695
NDUFAF4,IMQEYQLEQK[Hlys],659.3335684000002,30.462837,3.4320832e7,NONE,945.47815,816.4341,1073.5308,525.3146,1204.573
NDUFAF4,EQISLYPEVK[Hlys],607.3313434,40.846607,6.422262e7,NONE,480.29376,843.47284,643.3576,956.5577,756.4406
NFE2L2,LENIVELEQDLDHLK[Hlys],605.9907777333333,59.530342,1.02893344e8,NONE,357.1793,1005.51575,1118.597,405.27243,748.41266
NFE2L2,QDIDLGVSR[Harg],506.76848839999997,31.116116,9.380252e7,NONE,541.3358,428.2511,656.36273,769.4466,884.4714
NFE2L2,ALHIPFPVEK[Hlys],386.89687440000006,43.417023,4.9258576e7,NONE,322.18866,480.29254,419.24155,435.2732,383.23932
NFE2L2,EVFDFSQR[Harg],519.2499333999999,38.709267,5.5701492e7,NONE,547.28876,809.3834,662.3151,400.21912,427.19916
NFE2L2,EQFNEAQLALIR[Harg],721.3872884,49.77012,1.66142032e8,NONE,794.5144,1184.6643,1037.5985,723.47577,923.55457
NQO1,IQILEGWK[Hlys],497.79419839999997,48.30181,1.153638e8,NONE,753.43695,398.2286,640.3542,527.2703,881.4922
NQO1,EGHLSPDIVAEQK[Hlys],477.58368440000004,26.76578,6.187696e7,NONE,483.2653,324.13025,736.3245,524.2453,582.3331
NR2F6,AQVALTEYVR[Harg],580.3208884000001,38.235878,3.291899e7,NONE,960.5389,861.4719,790.43646,677.35254,299.1732
NR2F6,LLFSTVEWAR[Harg],616.3390784000001,56.799084,1.57058512e8,NONE,1005.50397,858.43616,771.4038,571.2891,670.357
PGD,AGQAVDDFIEK[Hlys],600.8029433999999,35.30401,6.2595508e7,NONE,774.377,944.4823,257.12448,873.4442,544.3226
PGD,TIFQGIAAK[Hlys],478.7863734,36.48653,6.8560896e7,NONE,742.43414,467.3084,297.20227,595.36816,410.28665
PGD,VDDFLANEAK[Hlys],565.2843884,34.78222,3.621626e7,NONE,540.2877,653.37317,330.1295,1030.4956,915.4664
PIK3CA,LINLTDILK[Hlys],525.8360634000001,59.71055,7.22992448e8,NONE,824.4966,597.3718,710.4547,381.2967,937.5814
PIK3CA,YEQYLDNLLVR[Harg],718.3763934,54.53371,1.02528072e8,NONE,1015.5798,852.5188,739.4355,624.40894,1143.638
PIR,VTLSVLSR[Harg],442.7755884,37.279602,2.37309184e8,NONE,571.34424,684.4283,785.4747,201.12387,484.31268
PIR,TPTLYLDFK[Hlys],553.3045983999999,51.24605,4.1377344e7,NONE,907.49713,693.3683,806.4512,417.2233,530.3071
PRDX1,ADEGISFR[Harg],452.7235483999999,28.899685,1.03941096e8,NONE,589.33575,419.22952,718.37836,187.0717,833.4033
PRDX1,LVQAFQFTDK[Hlys],602.8262284000001,42.569637,3.654112e7,NONE,864.4336,518.2724,793.3972,992.4905,371.20328
PRDX1,TIAQDYGVLK[Hlys],558.3129534000001,36.54626,6.5337676e7,NONE,901.48425,587.3652,702.3888,424.30307,830.44916
PSAT1,FGVIFAGAQK[Hlys],523.2996434,42.687454,3.5862844e7,NONE,629.35004,742.4318,482.2814,411.2449,304.1658
PSAT1,IINNTENLVR[Harg],598.3370734,29.118334,1.5054504e8,NONE,969.49744,855.4578,741.4146,640.3667,511.32498
PSAT1,DDLLGFALR[Harg],515.2837684,59.695663,1.4009984e8,NONE,573.339,686.4224,185.12761,344.1467,516.3175
PTGR1,IAIC[Carb]GAISTYNR[Harg],674.8494904000001,38.70878,9.6106232e7,NONE,1051.4822,891.4538,650.31476,763.3965,1164.567
PTGR1,TVESLEETLK[Hlys],578.8129834,36.859337,2.8885712e7,NONE,956.5041,827.46216,627.34576,498.3043,369.2612
SHMT2,VLELVSITANK[Hlys],597.8628084000001,46.758163,2.6512746e7,NONE,641.3711,641.3711,441.25525,982.56036,740.439
SHMT2,LGAPALTSR[Harg],448.26538339999996,26.914478,1.40591072e8,NONE,654.38153,557.3284,782.4391,486.29245,373.20834
SLC7A11,GGYLQGNVNGR[Harg],572.7902884,23.125538,2.5153204e7,NONE,626.3248,754.3823,278.11362,867.46545,356.19174
SLC7A11,IQIFLTFC[Carb]K[Hlys],589.3300954,57.12748,3.0039122e7,NONE,563.2784,823.43365,936.5198,462.2312,676.3648
SLC7A11,LPSLGNK[Hlys],368.7257884,23.887194,3.2751274e7,NONE,526.30804,326.1918,439.27603,623.3627,298.1756
SOX2,APC[Carb]QAGDLR[Harg],499.2415854,18.766903,3.6149192e7,NONE,829.38684,669.3572,541.29865,463.7245,470.26163
SQSTM1,DHRPPC[Carb]AQEAPR[Harg],481.8976857333334,17.150541,5.91772864e8,NONE,596.3061,482.2597,353.21988,681.36066,610.32275
SQSTM1,NYDIGAALDTIQYSK[Hlys],840.4219483999999,55.24275,2.0867244e7,NONE,393.1432,533.2871,405.22464,1046.563,975.5344
SRXN1,YAAYQQLQR[Harg],575.7975884000001,25.7054,1.0373468e8,NONE,916.4866,235.10794,845.4517,682.3881,987.52515
SRXN1,LVQSTLSDLR[Harg],571.3261734,35.008247,3.50686176e8,NONE,801.437,929.4935,500.2715,714.40485,613.35724
TALDO1,LLGELLQDNAK[Hlys],611.3500634000001,44.823322,3.0610752e8,NONE,995.5272,696.3787,809.4627,583.295,455.2363
TALDO1,MESALDQLK[Hlys],521.7700684,34.43652,2.4135762e7,NONE,782.45,511.29758,911.4913,624.3818,695.41864
TALDO1,LSSTWEGIQAGK[Hlys],642.8373234000002,38.933323,1.147975168e9,NONE,1084.5901,581.3491,537.251,381.1843,575.2884
TKT,DAIAQAVR[Harg],427.24190839999994,23.190697,5.9488176e7,NONE,554.3288,483.2922,667.4107,355.23273,300.15607
TKT,LDNLVAILDINR[Harg],689.9000284,59.74083,1.03962528e8,NONE,824.4938,923.568,343.1641,753.4602,412.25824
TKT,AVELAANTK[Hlys],462.76563839999994,20.460419,2.3493474e7,NONE,512.29156,754.41614,441.25345,625.3762,370.21573
TNFRSF4,LPPDAHKPPGGGSFR[Harg],386.4567224,24.509302,1.34553275e6,NONE,687.34656,784.39777,590.28827,154.60114
TNFRSF4,PPGGGSFR[Harg],392.7024184,18.682009,5.6584616e7,NONE,590.2921,687.34467,533.2715,155.08138,476.2503
TNFRSF4,EC[Carb]QPGHGMVSR[Harg],423.1897057333333,17.631002,5.4675716e7,NONE,559.2898,348.67828,753.3667,425.71564,502.2686
TNFRSF4,TPIQEEHTDAHFTLAK[Hlys],462.2359748999999,29.217728,1.5559444e7,NONE,587.36676,440.2964,1011.54486,339.24878,398.2374
TP53,ELNEALELK[Hlys],533.7971334,36.913555,6.8954216e7,NONE,824.4572,581.37494,510.33835,710.4164,397.2545
TP53,VEYLDDR[Harg],460.22338339999993,23.593554,1.4764791e7,GAPDH,691.3268,820.36926,528.2656,415.1818,392.18283
TP53,TYQGSYGFR[Harg],544.7553884,27.695177,4.470808e7,NONE,824.39557,696.33716,389.21884,639.31573,552.284
TP63,FVETPAHFSWK[Hlys],452.8990577333332,39.82976,6.085522e7,NONE,575.3085,880.4543,712.36615,428.2387,783.4022
TP63,SPDDELLYLPVR[Harg],713.8762184000001,56.672535,1.7507568e8,NONE,770.48035,657.39624,883.56433,1242.659,381.2502
TP73,VSTPPPPGTAIR[Harg],601.8419834000001,26.465923,3.6940796e7,NONE,818.4768,721.42395,458.26837,624.37036,185.12624
TP73,SATWTYSPLLK[Hlys],637.8471634000001,49.950905,3.5944308e7,NONE,829.4926,478.3482,260.13412,728.4485,565.38
TRIM16,EAELQC[Carb]TQLDLER[Harg],807.8869954,39.6431,1.31967856e8,NONE,1044.5045,1172.5612,884.4729,427.25677,330.1313
TRIM16,EVLC[Carb]DFC[Carb]LDDTR[Harg],776.8359174,49.02798,3.3734976e7,NONE,1211.4724,1051.4425,936.41504,789.34814,1324.5596
TXN,VGEFSGANK[Hlys],458.73433839999996,19.171188,3.3595324e7,NONE,817.3945,484.262,631.33057,397.2297,760.37305
TXNRD1,IGLETVGVK[Hlys],462.2862034,35.7191,2.37312336e8,NONE,810.4819,311.21832,640.3783,511.3337,410.28564
TXNRD1,VELTPVAIQAGR[Harg],632.3683634,40.401333,2.55805488e8,NONE,821.4861,625.3669,1035.6154,922.53156,724.4338
UCHL1,LGVAGQWR[Harg],448.75244339999995,31.719564,6.6625112e7,NONE,627.3244,783.41125,556.28735,726.39166,171.11285
UCHL1,FSAVALC[Carb]K[Hlys],452.2460304,31.334957,5.58046e7,NONE,499.2798,428.24246,756.4155,669.3837,598.34717
UGDH,LAANAFLAQR[Harg],542.8104884,37.883595,3.76821408e8,NONE,900.4924,900.4924,644.3775,829.4558,715.41504
UGDH,VLIGGDETPEGQR[Harg],690.8532734000001,28.904531,3.5271548e7,NONE,596.3051,826.3951,998.44055,697.3529,370.2087
ZNF746,LLSLEGR[Harg],399.24137840000003,32.001347,2.73286848e8,NONE,571.3073,684.3907,371.19177,484.27603,314.20786
ZNF746,GQPLPTPPAPPDPFK[Hlys],783.9239184000002,52.14973,3.6009332e7,NONE,973.52264,708.3825,399.25006,283.14105,876.47046
