kind,scenario,mode,rows,threads,trials,median_seconds,min_seconds,max_seconds,median_cpu_seconds,median_allocated_bytes,max_prediction_differences,max_prediction_abs_difference,features,median_dataset_seconds,median_training_seconds,median_detach_seconds,row_mode_prediction_differences,row_mode_prediction_max_abs
prediction_complete,main_250k,,50000,16,3,0.007911872,0.007896842,0.008033072,0.12474900000000844,1213688,0,0.0,49,,,,,
prediction_complete,main_250k,,50000,24,3,0.00591044,0.005867169,0.006136366,0.12597800000000348,1213688,0,0.0,49,,,,,
prediction_complete,main_250k,,50000,32,3,0.004771455,0.004735988,0.004875999,0.1339439999999854,1213688,0,0.0,49,,,,,
prediction_complete,main_250k,,50000,48,3,0.003700472,0.003475982,0.016715671,0.15410799999997948,1213688,0,0.0,49,,,,,
prediction_complete,main_250k,,50000,64,3,0.015496556,0.003924302,0.019739844,0.8213690000000042,1213688,0,0.0,49,,,,,
prediction_complete,main_250k,,500000,16,3,0.074900175,0.074798533,0.075190119,1.078064000000012,12013688,0,0.0,49,,,,,
prediction_complete,main_250k,,500000,24,3,0.054461651,0.053912774,0.055233939,1.132581000000016,12013688,0,0.0,49,,,,,
prediction_complete,main_250k,,500000,32,3,0.042036205,0.04200616,0.042753558,1.1568240000000287,12013688,0,0.0,49,,,,,
prediction_complete,main_250k,,500000,48,3,0.037027987,0.029482656,0.044139081,1.5401840000000107,12013688,0,0.0,49,,,,,
prediction_complete,main_250k,,500000,64,3,0.039987904,0.039327411,0.040868756,1.7419529999999668,12013688,0,0.0,49,,,,,
prediction_complete,main_250k,,1000000,16,3,0.154395524,0.153115684,0.154882826,2.086815999999999,24013688,0,0.0,49,,,,,
prediction_complete,main_250k,,1000000,24,3,0.111455841,0.111363934,0.11159549,2.2008610000000317,24013688,0,0.0,49,,,,,
prediction_complete,main_250k,,1000000,32,3,0.087915829,0.087637072,0.088144961,2.2924560000000156,24013688,0,0.0,49,,,,,
prediction_complete,main_250k,,1000000,48,3,0.062548533,0.062481994,0.064365279,2.4036649999999895,24013688,0,0.0,49,,,,,
prediction_complete,main_250k,,1000000,64,3,0.069337052,0.065399019,0.073272616,2.950450999999987,24013688,0,0.0,49,,,,,
prediction_complete,scoring_1000000,,50000,16,3,0.036262697,0.035728925,0.036463697,0.5721639999997024,1215160,0,0.0,72,,,,,
prediction_complete,scoring_1000000,,50000,24,3,0.02517895,0.024597878,0.025229587,0.5859479999999166,1215160,0,0.0,72,,,,,
prediction_complete,scoring_1000000,,50000,32,3,0.019551213,0.01903167,0.019709622,0.5860450000000128,1215160,0,0.0,72,,,,,
prediction_complete,scoring_1000000,,50000,48,3,0.032195526,0.01350325,0.032313053,1.0798729999996795,1215160,0,0.0,72,,,,,
prediction_complete,scoring_1000000,,50000,64,3,0.029379129,0.029287358,0.029573179,1.2524370000001,1215160,0,0.0,72,,,,,
prediction_complete,scoring_1000000,,500000,16,3,0.354591239,0.353633736,0.355576845,5.511384000000362,12015160,0,0.0,72,,,,,
prediction_complete,scoring_1000000,,500000,24,3,0.241134902,0.240866031,0.249988197,5.583530999999766,12015160,0,0.0,72,,,,,
prediction_complete,scoring_1000000,,500000,32,3,0.187800118,0.186685809,0.188709129,5.63187999999991,12015160,0,0.0,72,,,,,
prediction_complete,scoring_1000000,,500000,48,3,0.127464324,0.125370619,0.181314028,5.708150999999816,12015160,0,0.0,72,,,,,
prediction_complete,scoring_1000000,,500000,64,3,0.14589502,0.140107544,0.149202451,6.250829999999951,12015160,0,0.0,72,,,,,
prediction_complete,scoring_1000000,,1000000,16,3,0.708298913,0.70736493,0.708438363,10.977207000000362,24015160,0,0.0,72,,,,,
prediction_complete,scoring_1000000,,1000000,24,3,0.479983949,0.47812574,0.497289842,11.050588000000062,24015160,0,0.0,72,,,,,
prediction_complete,scoring_1000000,,1000000,32,3,0.377497538,0.377221478,0.378050473,11.151409999999942,24015160,0,0.0,72,,,,,
prediction_complete,scoring_1000000,,1000000,48,3,0.258036665,0.254352126,0.262775467,11.300645999999688,24015160,0,0.0,72,,,,,
prediction_complete,scoring_1000000,,1000000,64,3,0.273504522,0.268054781,0.278475888,11.820995000000039,24015160,0,0.0,72,,,,,
prediction_complete,scoring_2500000,,50000,16,3,0.031896179,0.031684869,0.031951709,0.5055800000009185,1215160,0,0.0,72,,,,,
prediction_complete,scoring_2500000,,50000,24,3,0.022748028,0.022513558,0.032191473,0.5251299999999901,1215160,0,0.0,72,,,,,
prediction_complete,scoring_2500000,,50000,32,3,0.017664284,0.017510941,0.036028598,0.5365060000003723,1215160,0,0.0,72,,,,,
prediction_complete,scoring_2500000,,50000,48,3,0.013153894,0.012754191,0.031207066,0.5887449999991077,1215160,0,0.0,72,,,,,
prediction_complete,scoring_2500000,,50000,64,3,0.027513863,0.027283612,0.028268874,1.2184849999994185,1215160,0,0.0,72,,,,,
prediction_complete,scoring_2500000,,500000,16,3,0.311871766,0.310862438,0.311940506,4.892395000000761,12015160,0,0.0,72,,,,,
prediction_complete,scoring_2500000,,500000,24,3,0.221531845,0.220091207,0.221737374,5.0735659999991185,12015160,0,0.0,72,,,,,
prediction_complete,scoring_2500000,,500000,32,3,0.16926714,0.16767281,0.169529964,5.102374000000054,12015160,0,0.0,72,,,,,
prediction_complete,scoring_2500000,,500000,48,3,0.118533138,0.116349173,0.163067271,5.166737000001376,12015160,0,0.0,72,,,,,
prediction_complete,scoring_2500000,,500000,64,3,0.131279771,0.12550142,0.140638823,5.716330999999627,12015160,0,0.0,72,,,,,
prediction_complete,scoring_2500000,,1000000,16,3,0.623465493,0.617971738,0.623946275,9.72964200000024,24015160,0,0.0,72,,,,,
prediction_complete,scoring_2500000,,1000000,24,3,0.441785291,0.436022213,0.444581823,9.920185999999376,24015160,0,0.0,72,,,,,
prediction_complete,scoring_2500000,,1000000,32,3,0.342118285,0.340950129,0.343427183,10.076541000000361,24015160,0,0.0,72,,,,,
prediction_complete,scoring_2500000,,1000000,48,3,0.236215443,0.233635464,0.323724246,10.206100999999762,24015160,0,0.0,72,,,,,
prediction_complete,scoring_2500000,,1000000,64,3,0.247717882,0.241801259,0.249220847,10.785744999999224,24015160,0,0.0,72,,,,,
prediction_native,main_250k,,50000,16,3,0.008642976,0.008402944,0.008696407,0.13840600000000336,1200568,0,0.0,49,,,,,
prediction_native,main_250k,,50000,24,3,0.00628643,0.00621869,0.006379644,0.12580399999998804,1200568,0,0.0,49,,,,,
prediction_native,main_250k,,50000,32,3,0.01339326,0.005069043,0.016669484,0.4015540000000044,1200568,0,0.0,49,,,,,
prediction_native,main_250k,,50000,48,3,0.003753949,0.003655961,0.018260799,0.1454180000000065,1200568,0,0.0,49,,,,,
prediction_native,main_250k,,50000,64,3,0.019121921,0.017306523,0.020034773,0.7381170000000168,1200568,0,0.0,49,,,,,
prediction_native,main_250k,,500000,16,3,0.08340674,0.083152966,0.084179419,1.0553150000000073,12000568,0,0.0,49,,,,,
prediction_native,main_250k,,500000,24,3,0.059434097,0.058388054,0.061662297,1.1110950000000344,12000568,0,0.0,49,,,,,
prediction_native,main_250k,,500000,32,3,0.048440655,0.047457032,0.049611866,1.1621640000000184,12000568,0,0.0,49,,,,,
prediction_native,main_250k,,500000,48,3,0.03419854,0.033291727,0.040292085,1.235385000000008,12000568,0,0.0,49,,,,,
prediction_native,main_250k,,500000,64,3,0.044064254,0.037194961,0.048543876,1.7064690000000269,12000568,0,0.0,49,,,,,
prediction_native,main_250k,,1000000,16,3,0.166112059,0.165402886,0.168699132,2.09158199999996,24000568,0,0.0,49,,,,,
prediction_native,main_250k,,1000000,24,3,0.118280268,0.116526813,0.120865173,2.1660550000000285,24000568,0,0.0,49,,,,,
prediction_native,main_250k,,1000000,32,3,0.099050543,0.097460512,0.105619902,2.3834320000000275,24000568,0,0.0,49,,,,,
prediction_native,main_250k,,1000000,48,3,0.06993825,0.068683374,0.074441318,2.354106999999999,24000568,0,0.0,49,,,,,
prediction_native,main_250k,,1000000,64,3,0.069972928,0.06701277,0.075508703,2.6081350000000043,24000568,0,0.0,49,,,,,
prediction_native,scoring_1000000,,50000,16,3,0.035341398,0.035306465,0.035952552,0.5615760000000591,1200568,0,0.0,72,,,,,
prediction_native,scoring_1000000,,50000,24,3,0.024754907,0.024291462,0.024844791,0.5692739999999503,1200568,0,0.0,72,,,,,
prediction_native,scoring_1000000,,50000,32,3,0.020115567,0.019446883,0.023036538,0.6210540000001856,1200568,0,0.0,72,,,,,
prediction_native,scoring_1000000,,50000,48,3,0.031162604,0.021528314,0.031504881,0.9838949999998476,1200568,0,0.0,72,,,,,
prediction_native,scoring_1000000,,50000,64,3,0.035705934,0.030440069,0.044481909,1.2222499999998035,1200568,0,0.0,72,,,,,
prediction_native,scoring_1000000,,500000,16,3,0.352956829,0.351989754,0.355504969,5.4821099999999205,12000568,0,0.0,72,,,,,
prediction_native,scoring_1000000,,500000,24,3,0.239736931,0.236928011,0.246851926,5.529835000000276,12000568,0,0.0,72,,,,,
prediction_native,scoring_1000000,,500000,32,3,0.188527728,0.185944551,0.190030237,5.7026200000000244,12000568,0,0.0,72,,,,,
prediction_native,scoring_1000000,,500000,48,3,0.137224426,0.131255684,0.180511916,5.636619999999766,12000568,0,0.0,72,,,,,
prediction_native,scoring_1000000,,500000,64,3,0.144607619,0.142994481,0.15801989,6.176422999999886,12000568,0,0.0,72,,,,,
prediction_native,scoring_1000000,,1000000,16,3,0.703116575,0.702036996,0.704941447,10.899791000000278,24000568,0,0.0,72,,,,,
prediction_native,scoring_1000000,,1000000,24,3,0.475284981,0.474619165,0.490770714,10.96820200000002,24000568,0,0.0,72,,,,,
prediction_native,scoring_1000000,,1000000,32,3,0.373237085,0.372812176,0.373708095,11.095663999999942,24000568,0,0.0,72,,,,,
prediction_native,scoring_1000000,,1000000,48,3,0.262344692,0.259765813,0.349761874,11.29172699999981,24000568,0,0.0,72,,,,,
prediction_native,scoring_1000000,,1000000,64,3,0.293664891,0.269789917,0.307090077,11.54925699999967,24000568,0,0.0,72,,,,,
prediction_native,scoring_2500000,,50000,16,3,0.031563967,0.031056665,0.032963208,0.5069929999990563,1200568,0,0.0,72,,,,,
prediction_native,scoring_2500000,,50000,24,3,0.022776219,0.021980568,0.023927622,0.5316359999997076,1200568,0,0.0,72,,,,,
prediction_native,scoring_2500000,,50000,32,3,0.017741301,0.017397966,0.03579218,0.5454920000011043,1200568,0,0.0,72,,,,,
prediction_native,scoring_2500000,,50000,48,3,0.012982028,0.012667292,0.02798036,0.6030849999988277,1200568,0,0.0,72,,,,,
prediction_native,scoring_2500000,,50000,64,3,0.030845546,0.02912032,0.031920585,1.1296610000008513,1200568,0,0.0,72,,,,,
prediction_native,scoring_2500000,,500000,16,3,0.312978329,0.309438266,0.313906893,4.858663000000888,12000568,0,0.0,72,,,,,
prediction_native,scoring_2500000,,500000,24,3,0.218525179,0.216480226,0.220867817,5.019716999999218,12000568,0,0.0,72,,,,,
prediction_native,scoring_2500000,,500000,32,3,0.184356011,0.167247765,0.186633011,5.156478999999308,12000568,0,0.0,72,,,,,
prediction_native,scoring_2500000,,500000,48,3,0.117873103,0.117321919,0.177759595,5.151998000001186,12000568,0,0.0,72,,,,,
prediction_native,scoring_2500000,,500000,64,3,0.135395151,0.124419733,0.138007614,5.564444999999978,12000568,0,0.0,72,,,,,
prediction_native,scoring_2500000,,1000000,16,3,0.633857592,0.619685371,0.663972893,9.694584999999279,24000568,0,0.0,72,,,,,
prediction_native,scoring_2500000,,1000000,24,3,0.438700772,0.429777491,0.440403541,9.84034900000006,24000568,0,0.0,72,,,,,
prediction_native,scoring_2500000,,1000000,32,3,0.339333195,0.33052888,0.341087625,9.997135999999955,24000568,0,0.0,72,,,,,
prediction_native,scoring_2500000,,1000000,48,3,0.23845056,0.235851695,0.312967528,10.128501999999571,24000568,0,0.0,72,,,,,
prediction_native,scoring_2500000,,1000000,64,3,0.253737156,0.239496398,0.259703458,10.609572000001208,24000568,0,0.0,72,,,,,
training,main_250k,row,250000,16,3,0.44633388500000004,0.40148670599999997,0.44679791799999996,4.298540999999986,1684080,0,0.0,49,0.25596517,0.180422493,0.003625541,0,0
training,main_250k,row,250000,24,3,0.404333536,0.374154869,0.40810942499999997,5.480711999999983,1684080,0,0.0,49,0.229637891,0.16842787,0.003584268,0,0
training,main_250k,row,250000,32,3,0.37749914900000003,0.371757966,0.393960683,6.580043000000003,1684080,0,0.0,49,0.224102466,0.156599942,0.004060665,0,0
training,main_250k,row,250000,48,3,0.411477427,0.3822719,0.444289585,10.715198999999998,1684080,0,0.0,49,0.250026254,0.161138458,0.004040229,0,0
training,main_250k,row,250000,64,3,0.475976617,0.421557954,0.532626372,18.108036999999968,1684080,0,0.0,49,0.278326826,0.183037311,0.004761395,0,0
training,scoring_1000000,row,1000000,16,3,4.385712548,4.367147855,4.50075983,64.125673,9899520,0,0.0,72,0.682376164,3.741966262,0.008513611,0,0
training,scoring_1000000,row,1000000,24,3,3.886595327,3.820414259,3.957877437,84.71789799999942,9899472,0,0.0,72,0.530729944,3.354131731,0.007388513,0,0
training,scoring_1000000,row,1000000,32,3,3.586662588,3.568690095,3.696063949,103.55019300000004,9899424,310,5.551115123125783e-16,72,0.491376072,3.092448773,0.006828212,0,0
training,scoring_1000000,row,1000000,48,3,3.6863960799999997,3.649902942,3.721642811,157.57752200000004,9899424,310,5.551115123125783e-16,72,0.587953262,3.092206878,0.00623594,0,0
training,scoring_1000000,row,1000000,64,3,4.416472508999999,3.8256463160000003,4.441307949,252.05488100000002,9899440,51,7.93809462606987e-15,72,0.607820593,3.799920084,0.008731832,0,0
training,scoring_2500000,col,2500000,24,3,8.109827994,8.018128463,8.114064277,181.32409300000018,15955952,0,0.0,72,0.836741563,7.267544102,0.005542329,671,2.148281552649678e-14
training,scoring_2500000,col,2500000,64,3,8.195054602,8.031136792,8.427558242,455.9751780000006,15955952,0,0.0,72,0.762475785,7.503376365,0.005344138,671,2.148281552649678e-14
training,scoring_2500000,row,2500000,16,3,9.007540464,8.885242888,9.268804138,133.24820100000034,15956080,0,0.0,72,1.069037821,7.921503137,0.006188258,0,0
training,scoring_2500000,row,2500000,24,3,7.444968589999999,7.268064880000001,7.906535467,163.0677769999993,15956048,0,0.0,72,0.832719882,6.608642145,0.005405243,0,0
training,scoring_2500000,row,2500000,32,3,6.8342885529999995,6.825277982,6.857057666,197.8066859999999,15956032,102,1.1102230246251565e-16,72,0.732518245,6.090313328,0.0051962,0,0
training,scoring_2500000,row,2500000,48,3,6.377197418,6.184480315,6.404445783,269.6458220000004,15956000,126,2.7755575615628914e-15,72,0.694699046,5.57873675,0.004884235,0,0
training,scoring_2500000,row,2500000,64,3,6.617737221,6.532743385,6.627369035,372.3878709999999,15956016,126,2.831068712794149e-15,72,0.755076609,5.856059672,0.004983426,0,0
